mean_fit_time,std_fit_time,mean_score_time,std_score_time,param_xgb__subsample,param_xgb__reg_lambda,param_xgb__n_estimators,param_xgb__min_child_weight,param_xgb__max_depth,param_xgb__learning_rate,param_xgb__gamma,param_xgb__colsample_bytree,param_xgb__colsample_bylevel,params,split0_test_score,split1_test_score,split2_test_score,split3_test_score,split4_test_score,mean_test_score,std_test_score,rank_test_score
6.269889640808105,0.89971598094906,0.017159271240234374,0.005908279952455388,0.5,50.0,100,1.0,8,0.01,1.0,0.8,0.7,"{'xgb__subsample': 0.5, 'xgb__reg_lambda': 50.0, 'xgb__n_estimators': 100, 'xgb__min_child_weight': 1.0, 'xgb__max_depth': 8, 'xgb__learning_rate': 0.01, 'xgb__gamma': 1.0, 'xgb__colsample_bytree': 0.8, 'xgb__colsample_bylevel': 0.7}",0.8443628627824032,0.8565433427117757,0.8577982504228393,0.8491246448008477,0.8529023099631415,0.8521462821362015,0.004930768181876351,79
31.430226278305053,1.8361352132753788,0.035320091247558597,0.008302408679931506,0.7,100.0,300,1.0,10,0.05,1.0,0.6,0.9,"{'xgb__subsample': 0.7, 'xgb__reg_lambda': 100.0, 'xgb__n_estimators': 300, 'xgb__min_child_weight': 1.0, 'xgb__max_depth': 10, 'xgb__learning_rate': 0.05, 'xgb__gamma': 1.0, 'xgb__colsample_bytree': 0.6, 'xgb__colsample_bylevel': 0.9}",0.8927112718338825,0.9011342733705464,0.9001888611245683,0.8957185930288891,0.8994207385309275,0.8978347475777628,0.0031518947357063163,22
33.043783044815065,1.9154926040795794,0.04186491966247559,0.01309545664772359,0.5,5.0,400,3.0,8,0.001,0,0.8,0.9,"{'xgb__subsample': 0.5, 'xgb__reg_lambda': 5.0, 'xgb__n_estimators': 400, 'xgb__min_child_weight': 3.0, 'xgb__max_depth': 8, 'xgb__learning_rate': 0.001, 'xgb__gamma': 0, 'xgb__colsample_bytree': 0.8, 'xgb__colsample_bylevel': 0.9}",0.8583340540037708,0.8698277305849174,0.8719851453802154,0.8624555027183537,0.8679358573367217,0.8661076580047957,0.0050098556475787264,69
1.3317082405090332,0.03380055747460097,0.018763399124145506,0.0028957379632212604,0.5,10.0,100,5.0,1,0.05,0.5,0.4,0.9,"{'xgb__subsample': 0.5, 'xgb__reg_lambda': 10.0, 'xgb__n_estimators': 100, 'xgb__min_child_weight': 5.0, 'xgb__max_depth': 1, 'xgb__learning_rate': 0.05, 'xgb__gamma': 0.5, 'xgb__colsample_bytree': 0.4, 'xgb__colsample_bylevel': 0.9}",0.8361742780960222,0.8470363290409672,0.8489436809256284,0.8452441914491557,0.8391750844970267,0.8433147128017602,0.004845222961030123,80
4.230133295059204,0.4658153521467846,0.025899553298950197,0.006562734316410289,1.0,100.0,300,5.0,1,0.01,0.5,0.8,1.0,"{'xgb__subsample': 1.0, 'xgb__reg_lambda': 100.0, 'xgb__n_estimators': 300, 'xgb__min_child_weight': 5.0, 'xgb__max_depth': 1, 'xgb__learning_rate': 0.01, 'xgb__gamma': 0.5, 'xgb__colsample_bytree': 0.8, 'xgb__colsample_bylevel': 1.0}",0.8131479291468658,0.8322609934075014,0.826415714747104,0.8293256563570379,0.8235886411348242,0.8249477869586667,0.006570958267615533,92
18.449230003356934,0.7994819511438963,0.029714250564575197,0.0007525758279889394,0.7,5.0,400,1.0,6,0.1,0.5,0.4,1.0,"{'xgb__subsample': 0.7, 'xgb__reg_lambda': 5.0, 'xgb__n_estimators': 400, 'xgb__min_child_weight': 1.0, 'xgb__max_depth': 6, 'xgb__learning_rate': 0.1, 'xgb__gamma': 0.5, 'xgb__colsample_bytree': 0.4, 'xgb__colsample_bylevel': 1.0}",0.8961537774537855,0.9033817040256916,0.9017734459771481,0.8988293301716005,0.9017090816242694,0.900369467850499,0.0025683985675525006,11
44.48494815826416,1.5897087321496866,0.03451304435729981,0.0010204041824957493,1.0,0.1,300,1.0,10,0.01,0.5,0.8,1.0,"{'xgb__subsample': 1.0, 'xgb__reg_lambda': 0.1, 'xgb__n_estimators': 300, 'xgb__min_child_weight': 1.0, 'xgb__max_depth': 10, 'xgb__learning_rate': 0.01, 'xgb__gamma': 0.5, 'xgb__colsample_bytree': 0.8, 'xgb__colsample_bylevel': 1.0}",0.8846361374752695,0.891142863054755,0.8921113561737367,0.8906323926044917,0.889736515181134,0.8896518528978774,0.002622910393853179,43
1.2845632076263427,0.12529477063889144,0.018987369537353516,0.0023719552878043327,0.9,1.0,100,10.0,1,0.01,0.5,0.4,0.9,"{'xgb__subsample': 0.9, 'xgb__reg_lambda': 1.0, 'xgb__n_estimators': 100, 'xgb__min_child_weight': 10.0, 'xgb__max_depth': 1, 'xgb__learning_rate': 0.01, 'xgb__gamma': 0.5, 'xgb__colsample_bytree': 0.4, 'xgb__colsample_bylevel': 0.9}",0.780919370330343,0.8091672639830845,0.81026982386655,0.8084735537763724,0.8064646245725571,0.8030589273057813,0.011138992260801896,94
2.3079293251037596,0.19220066781004647,0.024895620346069337,0.004772338176767616,0.7,0.1,100,0.5,3,0.05,0.5,0.4,0.7,"{'xgb__subsample': 0.7, 'xgb__reg_lambda': 0.1, 'xgb__n_estimators': 100, 'xgb__min_child_weight': 0.5, 'xgb__max_depth': 3, 'xgb__learning_rate': 0.05, 'xgb__gamma': 0.5, 'xgb__colsample_bytree': 0.4, 'xgb__colsample_bylevel': 0.7}",0.868737705494975,0.8779606070043506,0.8776562026342108,0.8748540956622499,0.8740123126262497,0.8746441846844073,0.003328685340066057,57
10.294646644592286,0.5312059316184211,0.019348287582397462,0.0004902541964608119,0.7,1.0,100,7.0,8,0.001,0.5,1.0,0.9,"{'xgb__subsample': 0.7, 'xgb__reg_lambda': 1.0, 'xgb__n_estimators': 100, 'xgb__min_child_weight': 7.0, 'xgb__max_depth': 8, 'xgb__learning_rate': 0.001, 'xgb__gamma': 0.5, 'xgb__colsample_bytree': 1.0, 'xgb__colsample_bylevel': 0.9}",0.8591653451427785,0.8712093840310396,0.8717133454306445,0.8647494234653839,0.8688450148879087,0.867136502591551,0.0046838523821401854,68
7.410844945907593,0.33945323167118857,0.026574230194091795,0.003514428076490964,0.7,5.0,300,3.0,3,0.05,0,0.8,0.5,"{'xgb__subsample': 0.7, 'xgb__reg_lambda': 5.0, 'xgb__n_estimators': 300, 'xgb__min_child_weight': 3.0, 'xgb__max_depth': 3, 'xgb__learning_rate': 0.05, 'xgb__gamma': 0, 'xgb__colsample_bytree': 0.8, 'xgb__colsample_bylevel': 0.5}",0.8838395092579181,0.8950450060898862,0.8943723422037504,0.8877930127404234,0.8917434080986824,0.890558655678132,0.004215943374996899,41
8.604864168167115,0.23106691117115818,0.02596416473388672,0.004188068237979906,0.7,5.0,200,10.0,6,0.1,0,0.8,0.5,"{'xgb__subsample': 0.7, 'xgb__reg_lambda': 5.0, 'xgb__n_estimators': 200, 'xgb__min_child_weight': 10.0, 'xgb__max_depth': 6, 'xgb__learning_rate': 0.1, 'xgb__gamma': 0, 'xgb__colsample_bytree': 0.8, 'xgb__colsample_bylevel': 0.5}",0.8902999881332547,0.8991093220799097,0.901010104229526,0.8951248827807383,0.9022161169047883,0.8975520828256434,0.004350179249215421,24
1.1229807376861571,0.010844061059668153,0.01747918128967285,0.0013384387797906142,0.9,100.0,100,3.0,1,0.001,0.25,0.4,0.7,"{'xgb__subsample': 0.9, 'xgb__reg_lambda': 100.0, 'xgb__n_estimators': 100, 'xgb__min_child_weight': 3.0, 'xgb__max_depth': 1, 'xgb__learning_rate': 0.001, 'xgb__gamma': 0.25, 'xgb__colsample_bytree': 0.4, 'xgb__colsample_bylevel': 0.7}",0.7897972342879254,0.8016659247740323,0.8064973822212024,0.7942281377223624,0.7924109735644005,0.7969199305139846,0.006205824448942215,95
16.021558904647826,0.18307453521610656,0.02832341194152832,0.0004881307949411291,0.9,10.0,300,10.0,10,0.1,0.25,0.6,0.5,"{'xgb__subsample': 0.9, 'xgb__reg_lambda': 10.0, 'xgb__n_estimators': 300, 'xgb__min_child_weight': 10.0, 'xgb__max_depth': 10, 'xgb__learning_rate': 0.1, 'xgb__gamma': 0.25, 'xgb__colsample_bytree': 0.6, 'xgb__colsample_bylevel': 0.5}",0.8946873236457542,0.900959543949136,0.9012351581291381,0.8998354326559407,0.9025877834156348,0.8998610483591207,0.0027312282168911557,14
0.9607211112976074,0.014204497265628427,0.01759309768676758,0.0008068968367151594,1.0,50.0,100,10.0,1,0.05,0.25,0.8,0.5,"{'xgb__subsample': 1.0, 'xgb__reg_lambda': 50.0, 'xgb__n_estimators': 100, 'xgb__min_child_weight': 10.0, 'xgb__max_depth': 1, 'xgb__learning_rate': 0.05, 'xgb__gamma': 0.25, 'xgb__colsample_bytree': 0.8, 'xgb__colsample_bylevel': 0.5}",0.8316981630596889,0.8448095900278312,0.844507764093934,0.8425659438027486,0.8368663785410133,0.8400895679050432,0.005074172424049158,84
41.57713503837586,0.8389191320837861,0.03369960784912109,0.0023012700659480554,1.0,100.0,400,0.5,8,0.05,1.0,0.8,1.0,"{'xgb__subsample': 1.0, 'xgb__reg_lambda': 100.0, 'xgb__n_estimators': 400, 'xgb__min_child_weight': 0.5, 'xgb__max_depth': 8, 'xgb__learning_rate': 0.05, 'xgb__gamma': 1.0, 'xgb__colsample_bytree': 0.8, 'xgb__colsample_bylevel': 1.0}",0.8914854246835726,0.9039490440903519,0.9030285065911929,0.8983248623824621,0.9018552515645761,0.8997286178624311,0.0045419070290386295,15
9.48718457221985,0.7840848981856341,0.029544305801391602,0.007371311230965216,0.9,10.0,200,7.0,6,0.05,0,0.8,0.5,"{'xgb__subsample': 0.9, 'xgb__reg_lambda': 10.0, 'xgb__n_estimators': 200, 'xgb__min_child_weight': 7.0, 'xgb__max_depth': 6, 'xgb__learning_rate': 0.05, 'xgb__gamma': 0, 'xgb__colsample_bytree': 0.8, 'xgb__colsample_bylevel': 0.5}",0.8910466557619945,0.9009646726467282,0.9019759236594509,0.8960243901057028,0.898917952891314,0.8977859190130382,0.003936058118485248,23
7.338573265075683,0.2962207713326783,0.024397516250610353,0.004858842796575479,0.9,1.0,200,5.0,6,0.01,0.5,0.4,0.7,"{'xgb__subsample': 0.9, 'xgb__reg_lambda': 1.0, 'xgb__n_estimators': 200, 'xgb__min_child_weight': 5.0, 'xgb__max_depth': 6, 'xgb__learning_rate': 0.01, 'xgb__gamma': 0.5, 'xgb__colsample_bytree': 0.4, 'xgb__colsample_bylevel': 0.7}",0.8721549213302003,0.8812954984006421,0.8800257315756819,0.8754239902144936,0.8775849326148608,0.8772970148271758,0.003270046157615328,54
5.889523935317993,0.1050195830584358,0.022939062118530272,0.0026007263287973464,0.9,5.0,400,5.0,1,0.01,0.5,1.0,0.7,"{'xgb__subsample': 0.9, 'xgb__reg_lambda': 5.0, 'xgb__n_estimators': 400, 'xgb__min_child_weight': 5.0, 'xgb__max_depth': 1, 'xgb__learning_rate': 0.01, 'xgb__gamma': 0.5, 'xgb__colsample_bytree': 1.0, 'xgb__colsample_bylevel': 0.7}",0.8268119290676363,0.840841127627286,0.8399619763379995,0.83918234430024,0.832803721835505,0.8359202198337334,0.00536406759167212,87
6.859479856491089,0.03949324850888198,0.023137664794921874,0.004902764729578527,1.0,5.0,300,5.0,3,0.1,0.25,0.6,0.9,"{'xgb__subsample': 1.0, 'xgb__reg_lambda': 5.0, 'xgb__n_estimators': 300, 'xgb__min_child_weight': 5.0, 'xgb__max_depth': 3, 'xgb__learning_rate': 0.1, 'xgb__gamma': 0.25, 'xgb__colsample_bytree': 0.6, 'xgb__colsample_bylevel': 0.9}",0.8862630841476024,0.8976193470036115,0.8989042300925572,0.8926268022018806,0.8975850707281902,0.8945997068347683,0.004689374698633559,32
1.747128438949585,0.05858151001144911,0.01854991912841797,0.0017388168680441715,0.9,0.1,100,5.0,1,0.05,0.5,1.0,1.0,"{'xgb__subsample': 0.9, 'xgb__reg_lambda': 0.1, 'xgb__n_estimators': 100, 'xgb__min_child_weight': 5.0, 'xgb__max_depth': 1, 'xgb__learning_rate': 0.05, 'xgb__gamma': 0.5, 'xgb__colsample_bytree': 1.0, 'xgb__colsample_bylevel': 1.0}",0.8340624926496036,0.8466301892471726,0.8472355908842369,0.844934321799808,0.8400006657770752,0.8425726520715793,0.004956248926228392,81
21.8013822555542,0.39288347344918134,0.031909942626953125,0.00897873824351908,1.0,100.0,300,3.0,8,0.05,0.25,0.6,0.9,"{'xgb__subsample': 1.0, 'xgb__reg_lambda': 100.0, 'xgb__n_estimators': 300, 'xgb__min_child_weight': 3.0, 'xgb__max_depth': 8, 'xgb__learning_rate': 0.05, 'xgb__gamma': 0.25, 'xgb__colsample_bytree': 0.6, 'xgb__colsample_bylevel': 0.9}",0.8915934810362869,0.9028957157159389,0.9024976556147671,0.8979121160095305,0.9006491503551282,0.8991096237463303,0.004149935434208799,18
1.477180814743042,0.15060483889959972,0.019414567947387697,0.0007865542835637592,0.5,50.0,100,5.0,1,0.01,0,1.0,0.5,"{'xgb__subsample': 0.5, 'xgb__reg_lambda': 50.0, 'xgb__n_estimators': 100, 'xgb__min_child_weight': 5.0, 'xgb__max_depth': 1, 'xgb__learning_rate': 0.01, 'xgb__gamma': 0, 'xgb__colsample_bytree': 1.0, 'xgb__colsample_bylevel': 0.5}",0.7737365409269185,0.8164841469304658,0.8162966114779967,0.804402486323239,0.8048935854503627,0.8031626742217967,0.015623011562394838,93
5.647893381118775,0.16143352493856758,0.023191547393798827,0.00222048455696325,1.0,0.1,300,5.0,3,0.1,0.5,0.4,0.9,"{'xgb__subsample': 1.0, 'xgb__reg_lambda': 0.1, 'xgb__n_estimators': 300, 'xgb__min_child_weight': 5.0, 'xgb__max_depth': 3, 'xgb__learning_rate': 0.1, 'xgb__gamma': 0.5, 'xgb__colsample_bytree': 0.4, 'xgb__colsample_bylevel': 0.9}",0.8871842159202907,0.8980518376919304,0.898223579274218,0.8907852911428984,0.8945085077810925,0.8937506863620861,0.004265983355281173,36
4.415516328811646,0.04797817542339699,0.022938013076782227,0.004184201726651385,0.9,1.0,100,0.5,6,0.001,0.25,0.4,1.0,"{'xgb__subsample': 0.9, 'xgb__reg_lambda': 1.0, 'xgb__n_estimators': 100, 'xgb__min_child_weight': 0.5, 'xgb__max_depth': 6, 'xgb__learning_rate': 0.001, 'xgb__gamma': 0.25, 'xgb__colsample_bytree': 0.4, 'xgb__colsample_bylevel': 1.0}",0.8594361050053083,0.8692380187876572,0.8710573071158819,0.8616265571392551,0.8650157342954522,0.865274744468711,0.004395717050492037,70
21.963793992996216,0.7245411273996627,0.027909135818481444,0.0006315261926579731,0.7,0.1,300,1.0,8,0.1,0.5,0.8,0.7,"{'xgb__subsample': 0.7, 'xgb__reg_lambda': 0.1, 'xgb__n_estimators': 300, 'xgb__min_child_weight': 1.0, 'xgb__max_depth': 8, 'xgb__learning_rate': 0.1, 'xgb__gamma': 0.5, 'xgb__colsample_bytree': 0.8, 'xgb__colsample_bylevel': 0.7}",0.8959832924717616,0.8976794765615868,0.9022605610659232,0.8957216031911969,0.8979285833680388,0.8979147033317014,0.0023444419323607702,20
8.754801988601685,0.053099905096082915,0.024721622467041016,0.007970019490390768,0.7,5.0,100,5.0,10,0.01,0,0.8,0.7,"{'xgb__subsample': 0.7, 'xgb__reg_lambda': 5.0, 'xgb__n_estimators': 100, 'xgb__min_child_weight': 5.0, 'xgb__max_depth': 10, 'xgb__learning_rate': 0.01, 'xgb__gamma': 0, 'xgb__colsample_bytree': 0.8, 'xgb__colsample_bylevel': 0.7}",0.8678356736995257,0.8777727021356782,0.8803450743828813,0.8708496944508188,0.8776314130622629,0.8748869115462334,0.004725900855822746,56
5.66604962348938,0.1680818716650294,0.022937965393066407,0.0006303745282620791,0.7,5.0,200,10.0,6,0.05,0,0.4,0.5,"{'xgb__subsample': 0.7, 'xgb__reg_lambda': 5.0, 'xgb__n_estimators': 200, 'xgb__min_child_weight': 10.0, 'xgb__max_depth': 6, 'xgb__learning_rate': 0.05, 'xgb__gamma': 0, 'xgb__colsample_bytree': 0.4, 'xgb__colsample_bylevel': 0.5}",0.8910172983895712,0.8988433372116899,0.8993238821319598,0.8945458692073853,0.8973467367007487,0.896215424728271,0.003087271653111593,28
23.23475823402405,1.0092482953617292,0.02773447036743164,0.0041823106984879045,1.0,50.0,400,5.0,6,0.05,0,1.0,0.7,"{'xgb__subsample': 1.0, 'xgb__reg_lambda': 50.0, 'xgb__n_estimators': 400, 'xgb__min_child_weight': 5.0, 'xgb__max_depth': 6, 'xgb__learning_rate': 0.05, 'xgb__gamma': 0, 'xgb__colsample_bytree': 1.0, 'xgb__colsample_bylevel': 0.7}",0.8908675050495564,0.9020013769668777,0.9026849939513444,0.8979733816659161,0.9022596757240681,0.8991573866715525,0.004478403654111219,17
21.65362858772278,0.3372106762135607,0.021249961853027344,0.002501392555389519,0.5,10.0,200,0.5,10,0.001,0.25,0.8,1.0,"{'xgb__subsample': 0.5, 'xgb__reg_lambda': 10.0, 'xgb__n_estimators': 200, 'xgb__min_child_weight': 0.5, 'xgb__max_depth': 10, 'xgb__learning_rate': 0.001, 'xgb__gamma': 0.25, 'xgb__colsample_bytree': 0.8, 'xgb__colsample_bylevel': 1.0}",0.8480045917760096,0.8605528346930572,0.8632770114258679,0.8501441159472025,0.8583026296777923,0.8560562367039857,0.0059529391117539845,77
5.687809467315674,0.4186176010304776,0.02613992691040039,0.0047635961447578395,1.0,1.0,300,10.0,3,0.1,0,0.4,0.9,"{'xgb__subsample': 1.0, 'xgb__reg_lambda': 1.0, 'xgb__n_estimators': 300, 'xgb__min_child_weight': 10.0, 'xgb__max_depth': 3, 'xgb__learning_rate': 0.1, 'xgb__gamma': 0, 'xgb__colsample_bytree': 0.4, 'xgb__colsample_bylevel': 0.9}",0.8858035351581947,0.8981502556302048,0.8981545226095061,0.8924311416518637,0.8945757937620936,0.8938230497623726,0.004567340886158951,35
8.937565183639526,0.09340654031336518,0.01994633674621582,0.001093015230971583,0.7,5.0,100,10.0,8,0.01,0,0.8,1.0,"{'xgb__subsample': 0.7, 'xgb__reg_lambda': 5.0, 'xgb__n_estimators': 100, 'xgb__min_child_weight': 10.0, 'xgb__max_depth': 8, 'xgb__learning_rate': 0.01, 'xgb__gamma': 0, 'xgb__colsample_bytree': 0.8, 'xgb__colsample_bylevel': 1.0}",0.8638590761234899,0.8761454901858834,0.8763934395460251,0.8687516998563621,0.8751490915684292,0.872059759456038,0.0049641196008062775,58
19.662496757507324,0.39111437005460786,0.03691840171813965,0.010289971465708914,0.9,1.0,400,3.0,6,0.05,0,1.0,0.5,"{'xgb__subsample': 0.9, 'xgb__reg_lambda': 1.0, 'xgb__n_estimators': 400, 'xgb__min_child_weight': 3.0, 'xgb__max_depth': 6, 'xgb__learning_rate': 0.05, 'xgb__gamma': 0, 'xgb__colsample_bytree': 1.0, 'xgb__colsample_bylevel': 0.5}",0.894953308513974,0.9037309860168712,0.9042123857200735,0.9000578305299869,0.9037236770159587,0.9013356375593728,0.0035237202359788516,7
3.4951055526733397,0.16454975496486185,0.020981645584106444,0.007966736699880454,1.0,5.0,100,5.0,3,0.01,0.5,1.0,0.9,"{'xgb__subsample': 1.0, 'xgb__reg_lambda': 5.0, 'xgb__n_estimators': 100, 'xgb__min_child_weight': 5.0, 'xgb__max_depth': 3, 'xgb__learning_rate': 0.01, 'xgb__gamma': 0.5, 'xgb__colsample_bytree': 1.0, 'xgb__colsample_bylevel': 0.9}",0.8260678257876928,0.8405621441634449,0.8385098386269694,0.833786185692309,0.8360801949735248,0.8350012378487882,0.005013587732040837,89
9.224472999572754,0.6157028640194157,0.022147512435913085,0.0019499105527316742,0.5,50.0,200,3.0,8,0.01,0.25,0.6,0.5,"{'xgb__subsample': 0.5, 'xgb__reg_lambda': 50.0, 'xgb__n_estimators': 200, 'xgb__min_child_weight': 3.0, 'xgb__max_depth': 8, 'xgb__learning_rate': 0.01, 'xgb__gamma': 0.25, 'xgb__colsample_bytree': 0.6, 'xgb__colsample_bylevel': 0.5}",0.8618678150704834,0.8714722739955401,0.8713418559881688,0.8647789938833502,0.8689632965597739,0.8676848470994634,0.003785091651929666,65
6.340795993804932,0.6614819202830919,0.025740289688110353,0.004419024742281803,0.9,50.0,200,1.0,6,0.01,0.5,0.4,0.5,"{'xgb__subsample': 0.9, 'xgb__reg_lambda': 50.0, 'xgb__n_estimators': 200, 'xgb__min_child_weight': 1.0, 'xgb__max_depth': 6, 'xgb__learning_rate': 0.01, 'xgb__gamma': 0.5, 'xgb__colsample_bytree': 0.4, 'xgb__colsample_bylevel': 0.5}",0.8620193769269092,0.871891766088238,0.8714331347334484,0.8655557042929872,0.8669545444243295,0.8675709052931826,0.0037107157598739045,66
29.918422126770018,0.8760096414972015,0.04549803733825684,0.002694015494591013,1.0,100.0,400,1.0,10,0.05,0.5,0.6,0.5,"{'xgb__subsample': 1.0, 'xgb__reg_lambda': 100.0, 'xgb__n_estimators': 400, 'xgb__min_child_weight': 1.0, 'xgb__max_depth': 10, 'xgb__learning_rate': 0.05, 'xgb__gamma': 0.5, 'xgb__colsample_bytree': 0.6, 'xgb__colsample_bylevel': 0.5}",0.89607118773739,0.9051721500402249,0.9046424847933684,0.9002449917981931,0.9027163350530214,0.9017694298844395,0.003332370129856686,5
5.4040656089782715,0.09800898850252464,0.02178020477294922,0.0025962890718249677,0.7,10.0,100,5.0,8,0.05,1.0,0.6,0.5,"{'xgb__subsample': 0.7, 'xgb__reg_lambda': 10.0, 'xgb__n_estimators': 100, 'xgb__min_child_weight': 5.0, 'xgb__max_depth': 8, 'xgb__learning_rate': 0.05, 'xgb__gamma': 1.0, 'xgb__colsample_bytree': 0.6, 'xgb__colsample_bylevel': 0.5}",0.8852942024318161,0.8938248181920916,0.8938643330471907,0.8897248286686442,0.8929782829184267,0.8911372930516338,0.0032919764832759517,39
33.29786915779114,0.6052521966557562,0.037094736099243165,0.007628992956143018,0.5,5.0,300,5.0,10,0.01,0.5,0.8,1.0,"{'xgb__subsample': 0.5, 'xgb__reg_lambda': 5.0, 'xgb__n_estimators': 300, 'xgb__min_child_weight': 5.0, 'xgb__max_depth': 10, 'xgb__learning_rate': 0.01, 'xgb__gamma': 0.5, 'xgb__colsample_bytree': 0.8, 'xgb__colsample_bylevel': 1.0}",0.8820329697440443,0.8893566614796079,0.8904754214935506,0.8862555280745444,0.8899344776199744,0.8876110116823442,0.0031496831085363526,45
27.0703754901886,0.29148020415715253,0.02852606773376465,0.004914739664606325,0.7,50.0,200,3.0,10,0.05,0.5,1.0,0.9,"{'xgb__subsample': 0.7, 'xgb__reg_lambda': 50.0, 'xgb__n_estimators': 200, 'xgb__min_child_weight': 3.0, 'xgb__max_depth': 10, 'xgb__learning_rate': 0.05, 'xgb__gamma': 0.5, 'xgb__colsample_bytree': 1.0, 'xgb__colsample_bylevel': 0.9}",0.8911937963273928,0.899911874827238,0.9007499907924448,0.8967551512730508,0.9007841649880586,0.8978789956416371,0.003654316239916104,21
16.154710006713866,0.19656857715385578,0.029040431976318358,0.0033453260459844728,0.9,0.1,300,3.0,6,0.05,0.5,0.6,0.9,"{'xgb__subsample': 0.9, 'xgb__reg_lambda': 0.1, 'xgb__n_estimators': 300, 'xgb__min_child_weight': 3.0, 'xgb__max_depth': 6, 'xgb__learning_rate': 0.05, 'xgb__gamma': 0.5, 'xgb__colsample_bytree': 0.6, 'xgb__colsample_bylevel': 0.9}",0.8920653212147513,0.903437058589357,0.9052818786812513,0.8990361460289938,0.9005141357221983,0.9000669080473104,0.004557229600524752,13
10.143403816223145,0.17623213261494722,0.03077549934387207,0.005562164284819283,0.9,5.0,400,1.0,3,0.001,1.0,0.8,0.5,"{'xgb__subsample': 0.9, 'xgb__reg_lambda': 5.0, 'xgb__n_estimators': 400, 'xgb__min_child_weight': 1.0, 'xgb__max_depth': 3, 'xgb__learning_rate': 0.001, 'xgb__gamma': 1.0, 'xgb__colsample_bytree': 0.8, 'xgb__colsample_bylevel': 0.5}",0.827593701747135,0.840134959024359,0.8399222244886975,0.8309127201668126,0.8358551410739127,0.8348837493001833,0.004956186103737503,90
15.417493295669555,0.35344690705963466,0.02625446319580078,0.006796622021010901,0.7,5.0,200,1.0,8,0.1,0.25,0.6,0.9,"{'xgb__subsample': 0.7, 'xgb__reg_lambda': 5.0, 'xgb__n_estimators': 200, 'xgb__min_child_weight': 1.0, 'xgb__max_depth': 8, 'xgb__learning_rate': 0.1, 'xgb__gamma': 0.25, 'xgb__colsample_bytree': 0.6, 'xgb__colsample_bylevel': 0.9}",0.8962809337837391,0.900650584132128,0.9039731663507767,0.8965262018692755,0.8995654033900803,0.8993992579051999,0.0028457848277376684,16
7.895703125,0.07092123454084034,0.029057025909423828,0.005033022272024107,1.0,1.0,300,7.0,6,0.05,0.25,0.4,0.5,"{'xgb__subsample': 1.0, 'xgb__reg_lambda': 1.0, 'xgb__n_estimators': 300, 'xgb__min_child_weight': 7.0, 'xgb__max_depth': 6, 'xgb__learning_rate': 0.05, 'xgb__gamma': 0.25, 'xgb__colsample_bytree': 0.4, 'xgb__colsample_bylevel': 0.5}",0.8954465477410121,0.9031259765526556,0.9039777701284241,0.8986556260995947,0.9008858022330447,0.9004183445509462,0.003099846384608229,10
1.5698966026306151,0.04539452363799951,0.01850724220275879,0.0016733464186037867,0.9,5.0,100,10.0,1,0.1,1.0,1.0,0.7,"{'xgb__subsample': 0.9, 'xgb__reg_lambda': 5.0, 'xgb__n_estimators': 100, 'xgb__min_child_weight': 10.0, 'xgb__max_depth': 1, 'xgb__learning_rate': 0.1, 'xgb__gamma': 1.0, 'xgb__colsample_bytree': 1.0, 'xgb__colsample_bylevel': 0.7}",0.8534795648812963,0.864685150139085,0.8663983726708426,0.8627412025350525,0.8574089656090726,0.8609426511670698,0.00479980360509125,73
8.84602780342102,0.12117307562541674,0.02559185028076172,0.0013349734265440721,1.0,100.0,200,10.0,10,0.05,0,0.4,0.5,"{'xgb__subsample': 1.0, 'xgb__reg_lambda': 100.0, 'xgb__n_estimators': 200, 'xgb__min_child_weight': 10.0, 'xgb__max_depth': 10, 'xgb__learning_rate': 0.05, 'xgb__gamma': 0, 'xgb__colsample_bytree': 0.4, 'xgb__colsample_bylevel': 0.5}",0.888852988005745,0.8982590193894834,0.8966161526017717,0.8918758552402322,0.8966487331820461,0.8944505496838555,0.0035210236127230527,33
20.25593771934509,0.17711006791725076,0.03077588081359863,0.003278669270841104,0.7,0.1,300,3.0,8,0.1,0.5,0.6,0.9,"{'xgb__subsample': 0.7, 'xgb__reg_lambda': 0.1, 'xgb__n_estimators': 300, 'xgb__min_child_weight': 3.0, 'xgb__max_depth': 8, 'xgb__learning_rate': 0.1, 'xgb__gamma': 0.5, 'xgb__colsample_bytree': 0.6, 'xgb__colsample_bylevel': 0.9}",0.8921769146002879,0.9008452977889829,0.8992663349113665,0.8972808672667161,0.8980090609426837,0.8975156951020073,0.002930942681314039,25
2.9688892364501953,0.013357408127363597,0.019896316528320312,0.0012015172871790312,1.0,5.0,100,1.0,3,0.01,0.5,1.0,0.7,"{'xgb__subsample': 1.0, 'xgb__reg_lambda': 5.0, 'xgb__n_estimators': 100, 'xgb__min_child_weight': 1.0, 'xgb__max_depth': 3, 'xgb__learning_rate': 0.01, 'xgb__gamma': 0.5, 'xgb__colsample_bytree': 1.0, 'xgb__colsample_bylevel': 0.7}",0.8262348621627154,0.8405037831218809,0.839681854174989,0.8333567948924981,0.8364254782970839,0.8352405545298336,0.005166852184199237,88
1.4776230812072755,0.050673804992338325,0.021981287002563476,0.005514261061174832,0.5,100.0,100,7.0,1,0.05,0.5,1.0,0.5,"{'xgb__subsample': 0.5, 'xgb__reg_lambda': 100.0, 'xgb__n_estimators': 100, 'xgb__min_child_weight': 7.0, 'xgb__max_depth': 1, 'xgb__learning_rate': 0.05, 'xgb__gamma': 0.5, 'xgb__colsample_bytree': 1.0, 'xgb__colsample_bylevel': 0.5}",0.8314184721892836,0.8430848443979678,0.8437481407821039,0.8419676297769505,0.8354232713169071,0.8391284716926425,0.004862666928207301,85
31.26422772407532,0.3150089543925968,0.028750801086425783,0.001343820653587543,0.5,10.0,300,3.0,8,0.01,0.5,1.0,1.0,"{'xgb__subsample': 0.5, 'xgb__reg_lambda': 10.0, 'xgb__n_estimators': 300, 'xgb__min_child_weight': 3.0, 'xgb__max_depth': 8, 'xgb__learning_rate': 0.01, 'xgb__gamma': 0.5, 'xgb__colsample_bytree': 1.0, 'xgb__colsample_bylevel': 1.0}",0.878979007179646,0.8870930488993019,0.8886594082800003,0.8847264541562905,0.887038524411354,0.8852992885853187,0.0034002064059449255,48
2.9812185764312744,0.06347728334620648,0.022797060012817384,0.003307623475235208,1.0,1.0,100,1.0,6,0.01,0.25,0.4,0.5,"{'xgb__subsample': 1.0, 'xgb__reg_lambda': 1.0, 'xgb__n_estimators': 100, 'xgb__min_child_weight': 1.0, 'xgb__max_depth': 6, 'xgb__learning_rate': 0.01, 'xgb__gamma': 0.25, 'xgb__colsample_bytree': 0.4, 'xgb__colsample_bylevel': 0.5}",0.8644158050896842,0.8746358845774227,0.8762341665462603,0.8669460451425188,0.8706761674471841,0.8705816137606138,0.0044638987666294596,63
6.0512837886810305,0.11586461477897418,0.019970798492431642,0.0035474515555074236,0.5,1.0,100,1.0,8,0.001,0.25,0.8,0.5,"{'xgb__subsample': 0.5, 'xgb__reg_lambda': 1.0, 'xgb__n_estimators': 100, 'xgb__min_child_weight': 1.0, 'xgb__max_depth': 8, 'xgb__learning_rate': 0.001, 'xgb__gamma': 0.25, 'xgb__colsample_bytree': 0.8, 'xgb__colsample_bylevel': 0.5}",0.8635232348570341,0.8760314208773716,0.8763108371509275,0.8665748213026001,0.8712271156837247,0.8707334859743316,0.005073476987240971,62
7.026478338241577,0.07357765605953284,0.022994041442871094,0.0010953385456927672,0.9,0.1,200,0.5,3,0.1,0.5,0.8,1.0,"{'xgb__subsample': 0.9, 'xgb__reg_lambda': 0.1, 'xgb__n_estimators': 200, 'xgb__min_child_weight': 0.5, 'xgb__max_depth': 3, 'xgb__learning_rate': 0.1, 'xgb__gamma': 0.5, 'xgb__colsample_bytree': 0.8, 'xgb__colsample_bylevel': 1.0}",0.8853087926922073,0.8948043994321648,0.8971059237161128,0.8898002597947141,0.8938230761167347,0.8921684903503866,0.00416480220209892,37
23.491010904312134,0.11640889916315285,0.02968564033508301,0.0017554718991798673,0.9,100.0,400,0.5,6,0.01,0.5,0.6,1.0,"{'xgb__subsample': 0.9, 'xgb__reg_lambda': 100.0, 'xgb__n_estimators': 400, 'xgb__min_child_weight': 0.5, 'xgb__max_depth': 6, 'xgb__learning_rate': 0.01, 'xgb__gamma': 0.5, 'xgb__colsample_bytree': 0.6, 'xgb__colsample_bylevel': 1.0}",0.8706343509199912,0.8803828555067267,0.8805739352524712,0.8771592602508421,0.8792161749832139,0.877593315382649,0.003685509257764684,53
15.326999282836914,0.20933113862210656,0.033698225021362306,0.00884623395606842,1.0,0.1,300,3.0,8,0.1,1.0,0.4,0.9,"{'xgb__subsample': 1.0, 'xgb__reg_lambda': 0.1, 'xgb__n_estimators': 300, 'xgb__min_child_weight': 3.0, 'xgb__max_depth': 8, 'xgb__learning_rate': 0.1, 'xgb__gamma': 1.0, 'xgb__colsample_bytree': 0.4, 'xgb__colsample_bylevel': 0.9}",0.8982634406805108,0.9027682941085237,0.9058045845126087,0.9013690218176563,0.8979342495559125,0.9012279181350424,0.002931720409863302,8
2.344420003890991,0.0075574240002984775,0.017292022705078125,0.0007578641792141752,1.0,5.0,200,7.0,1,0.001,0,1.0,0.7,"{'xgb__subsample': 1.0, 'xgb__reg_lambda': 5.0, 'xgb__n_estimators': 200, 'xgb__min_child_weight': 7.0, 'xgb__max_depth': 1, 'xgb__learning_rate': 0.001, 'xgb__gamma': 0, 'xgb__colsample_bytree': 1.0, 'xgb__colsample_bylevel': 0.7}",0.6976968787630714,0.728933653576285,0.7151806557762537,0.7157479828371168,0.7146038555575386,0.7144326053020531,0.0099265710903704,98
2.5069811820983885,0.016664828776596648,0.021793365478515625,0.006113969175069611,0.5,100.0,200,7.0,1,0.05,0.25,0.8,0.5,"{'xgb__subsample': 0.5, 'xgb__reg_lambda': 100.0, 'xgb__n_estimators': 200, 'xgb__min_child_weight': 7.0, 'xgb__max_depth': 1, 'xgb__learning_rate': 0.05, 'xgb__gamma': 0.25, 'xgb__colsample_bytree': 0.8, 'xgb__colsample_bylevel': 0.5}",0.8499044205305656,0.8598050175286506,0.8610208062418727,0.858371863410875,0.851983856322474,0.8562171928068876,0.004435358503695454,76
5.558388519287109,0.03488774681707693,0.021395778656005858,0.0016197165297897663,1.0,0.1,400,7.0,1,0.001,0.5,1.0,1.0,"{'xgb__subsample': 1.0, 'xgb__reg_lambda': 0.1, 'xgb__n_estimators': 400, 'xgb__min_child_weight': 7.0, 'xgb__max_depth': 1, 'xgb__learning_rate': 0.001, 'xgb__gamma': 0.5, 'xgb__colsample_bytree': 1.0, 'xgb__colsample_bylevel': 1.0}",0.6733158462430611,0.7042705426887145,0.6951423594289615,0.6944901280841768,0.6948809179790976,0.6924199588848022,0.010228947562897705,100
1.490511989593506,0.036299553879908075,0.018381929397583006,0.0019491864097848765,0.5,5.0,100,1.0,1,0.001,0.25,0.8,0.7,"{'xgb__subsample': 0.5, 'xgb__reg_lambda': 5.0, 'xgb__n_estimators': 100, 'xgb__min_child_weight': 1.0, 'xgb__max_depth': 1, 'xgb__learning_rate': 0.001, 'xgb__gamma': 0.25, 'xgb__colsample_bytree': 0.8, 'xgb__colsample_bylevel': 0.7}",0.7660045871778669,0.7825662128123001,0.7828258199682127,0.7641596264282334,0.7574543128189002,0.7706021118411026,0.010276830473235458,97
16.09793391227722,0.05136657054360304,0.03130316734313965,0.0022309340912069625,0.5,5.0,300,3.0,10,0.1,0,0.4,0.7,"{'xgb__subsample': 0.5, 'xgb__reg_lambda': 5.0, 'xgb__n_estimators': 300, 'xgb__min_child_weight': 3.0, 'xgb__max_depth': 10, 'xgb__learning_rate': 0.1, 'xgb__gamma': 0, 'xgb__colsample_bytree': 0.4, 'xgb__colsample_bylevel': 0.7}",0.8932705651488728,0.8955972253392325,0.8995110434001661,0.9002216187732136,0.8953495825436082,0.8967900070410186,0.0026481699379529056,26
7.767167568206787,0.03340559337667723,0.02054424285888672,0.003373205568227048,0.7,50.0,100,3.0,10,0.1,0.5,0.8,0.5,"{'xgb__subsample': 0.7, 'xgb__reg_lambda': 50.0, 'xgb__n_estimators': 100, 'xgb__min_child_weight': 3.0, 'xgb__max_depth': 10, 'xgb__learning_rate': 0.1, 'xgb__gamma': 0.5, 'xgb__colsample_bytree': 0.8, 'xgb__colsample_bylevel': 0.5}",0.8880757250430942,0.8998241564132506,0.9004325072031414,0.8934400772301406,0.899204715118239,0.8961954362015732,0.004768602583647293,29
5.017576599121094,0.10118044513460621,0.022795677185058594,0.00374001002270578,0.5,0.1,100,10.0,6,0.05,0.25,0.6,0.9,"{'xgb__subsample': 0.5, 'xgb__reg_lambda': 0.1, 'xgb__n_estimators': 100, 'xgb__min_child_weight': 10.0, 'xgb__max_depth': 6, 'xgb__learning_rate': 0.05, 'xgb__gamma': 0.25, 'xgb__colsample_bytree': 0.6, 'xgb__colsample_bylevel': 0.9}",0.8858786971056635,0.8944641368746812,0.8917092339030684,0.8897042002034161,0.892052746542917,0.8907618029259492,0.0028717480222800232,40
4.007414102554321,0.004229120953025173,0.022393512725830077,0.000789202179301105,0.9,1.0,200,0.5,3,0.001,1.0,0.6,0.5,"{'xgb__subsample': 0.9, 'xgb__reg_lambda': 1.0, 'xgb__n_estimators': 200, 'xgb__min_child_weight': 0.5, 'xgb__max_depth': 3, 'xgb__learning_rate': 0.001, 'xgb__gamma': 1.0, 'xgb__colsample_bytree': 0.6, 'xgb__colsample_bylevel': 0.5}",0.8318315091970812,0.8433319945664101,0.8427514229214299,0.8340236343778951,0.8370345049593311,0.8377946132044295,0.004595415327812076,86
5.333820152282715,0.007281211685697177,0.023090362548828125,0.004546841905570303,0.5,0.1,400,7.0,1,0.1,0.25,0.6,0.9,"{'xgb__subsample': 0.5, 'xgb__reg_lambda': 0.1, 'xgb__n_estimators': 400, 'xgb__min_child_weight': 7.0, 'xgb__max_depth': 1, 'xgb__learning_rate': 0.1, 'xgb__gamma': 0.25, 'xgb__colsample_bytree': 0.6, 'xgb__colsample_bylevel': 0.9}",0.8758169882625334,0.8870952595448156,0.886273589048392,0.8796801826495662,0.8830307589008728,0.882379355681236,0.0041995078310652755,50
6.661590051651001,0.14212156814518412,0.020497703552246095,0.002362816289301693,0.7,50.0,400,1.0,1,0.001,1.0,1.0,0.9,"{'xgb__subsample': 0.7, 'xgb__reg_lambda': 50.0, 'xgb__n_estimators': 400, 'xgb__min_child_weight': 1.0, 'xgb__max_depth': 1, 'xgb__learning_rate': 0.001, 'xgb__gamma': 1.0, 'xgb__colsample_bytree': 1.0, 'xgb__colsample_bylevel': 0.9}",0.6747920268913532,0.7042755829604859,0.7176388074374382,0.7185639896762056,0.717527962637157,0.706559673920528,0.016742488601775123,99
16.84861922264099,0.169741363029675,0.030936384201049806,0.0015445247591077207,0.5,0.1,400,3.0,6,0.001,1.0,0.4,1.0,"{'xgb__subsample': 0.5, 'xgb__reg_lambda': 0.1, 'xgb__n_estimators': 400, 'xgb__min_child_weight': 3.0, 'xgb__max_depth': 6, 'xgb__learning_rate': 0.001, 'xgb__gamma': 1.0, 'xgb__colsample_bytree': 0.4, 'xgb__colsample_bylevel': 1.0}",0.8662398529160271,0.8752493829204113,0.8757169498344057,0.8679594074300722,0.8705169829816047,0.8711365152165043,0.00380397680856004,60
5.340570688247681,0.10516344685536501,0.02092118263244629,0.0006668227691358648,0.9,5.0,400,10.0,1,0.1,1.0,0.6,0.9,"{'xgb__subsample': 0.9, 'xgb__reg_lambda': 5.0, 'xgb__n_estimators': 400, 'xgb__min_child_weight': 10.0, 'xgb__max_depth': 1, 'xgb__learning_rate': 0.1, 'xgb__gamma': 1.0, 'xgb__colsample_bytree': 0.6, 'xgb__colsample_bylevel': 0.9}",0.8737044954095504,0.8851028489561421,0.8847759447660006,0.8797472030280109,0.8819500220981327,0.8810561028515673,0.004165856940709087,52
3.675296354293823,0.014018822094053095,0.02079920768737793,0.0017168467906575173,0.5,5.0,100,7.0,3,0.1,0,1.0,0.9,"{'xgb__subsample': 0.5, 'xgb__reg_lambda': 5.0, 'xgb__n_estimators': 100, 'xgb__min_child_weight': 7.0, 'xgb__max_depth': 3, 'xgb__learning_rate': 0.1, 'xgb__gamma': 0, 'xgb__colsample_bytree': 1.0, 'xgb__colsample_bylevel': 0.9}",0.8789915636461644,0.8892712421369549,0.8907826351173326,0.8861154669930391,0.8902722355377639,0.887086628686251,0.004360145032394988,46
3.4315868377685548,0.01618525926453096,0.021804428100585936,0.0026641850832332913,0.5,0.1,100,10.0,6,0.001,1.0,0.4,0.7,"{'xgb__subsample': 0.5, 'xgb__reg_lambda': 0.1, 'xgb__n_estimators': 100, 'xgb__min_child_weight': 10.0, 'xgb__max_depth': 6, 'xgb__learning_rate': 0.001, 'xgb__gamma': 1.0, 'xgb__colsample_bytree': 0.4, 'xgb__colsample_bylevel': 0.7}",0.8627440265263313,0.8703047878867943,0.8720514574851758,0.8637859059242827,0.866815811355607,0.8671403978356382,0.0036004978637082124,67
31.671735525131226,0.21205564928319703,0.035335969924926755,0.003750331556115426,1.0,5.0,300,1.0,10,0.05,0.25,0.6,1.0,"{'xgb__subsample': 1.0, 'xgb__reg_lambda': 5.0, 'xgb__n_estimators': 300, 'xgb__min_child_weight': 1.0, 'xgb__max_depth': 10, 'xgb__learning_rate': 0.05, 'xgb__gamma': 0.25, 'xgb__colsample_bytree': 0.6, 'xgb__colsample_bylevel': 1.0}",0.8992448788628156,0.904860006893677,0.9076845194081101,0.9036918047091687,0.9029063294151644,0.9036775078577872,0.002745817398578805,1
4.733342790603638,0.038905182769165304,0.022812509536743165,0.005571706497603255,0.7,100.0,100,5.0,8,0.1,0,0.4,0.7,"{'xgb__subsample': 0.7, 'xgb__reg_lambda': 100.0, 'xgb__n_estimators': 100, 'xgb__min_child_weight': 5.0, 'xgb__max_depth': 8, 'xgb__learning_rate': 0.1, 'xgb__gamma': 0, 'xgb__colsample_bytree': 0.4, 'xgb__colsample_bylevel': 0.7}",0.8851228331915868,0.8954543292132205,0.8929260477489653,0.8912446064974177,0.8946306849571212,0.8918757003216623,0.0036742141661750146,38
4.225516366958618,0.04018401666109195,0.01870131492614746,0.0005958167014801732,0.7,5.0,300,0.5,1,0.001,1.0,0.6,1.0,"{'xgb__subsample': 0.7, 'xgb__reg_lambda': 5.0, 'xgb__n_estimators': 300, 'xgb__min_child_weight': 0.5, 'xgb__max_depth': 1, 'xgb__learning_rate': 0.001, 'xgb__gamma': 1.0, 'xgb__colsample_bytree': 0.6, 'xgb__colsample_bylevel': 1.0}",0.7736552775978313,0.8032934904271092,0.7884942211966424,0.7734400453578338,0.7870994536378342,0.7851964976434502,0.01107620242183228,96
6.039523124694824,0.15864171183924017,0.022196531295776367,0.00262331326614007,0.9,5.0,100,3.0,6,0.05,0.5,0.6,1.0,"{'xgb__subsample': 0.9, 'xgb__reg_lambda': 5.0, 'xgb__n_estimators': 100, 'xgb__min_child_weight': 3.0, 'xgb__max_depth': 6, 'xgb__learning_rate': 0.05, 'xgb__gamma': 0.5, 'xgb__colsample_bytree': 0.6, 'xgb__colsample_bylevel': 1.0}",0.8834413277879734,0.8920686813959325,0.8939794274883772,0.8887004881420852,0.8919521717081573,0.8900284193045049,0.0037047843176246666,42
6.940043640136719,0.03324872644371258,0.0227508544921875,0.0006899994160882359,1.0,5.0,200,3.0,6,0.01,0,0.4,0.7,"{'xgb__subsample': 1.0, 'xgb__reg_lambda': 5.0, 'xgb__n_estimators': 200, 'xgb__min_child_weight': 3.0, 'xgb__max_depth': 6, 'xgb__learning_rate': 0.01, 'xgb__gamma': 0, 'xgb__colsample_bytree': 0.4, 'xgb__colsample_bylevel': 0.7}",0.8705626375795236,0.879418218230327,0.8803157695674715,0.8740793330046944,0.876695606721232,0.8762143130206497,0.003572622929575446,55
24.75644998550415,0.15756360831753646,0.03361077308654785,0.002263696094797094,0.5,50.0,400,10.0,10,0.001,0,0.6,0.9,"{'xgb__subsample': 0.5, 'xgb__reg_lambda': 50.0, 'xgb__n_estimators': 400, 'xgb__min_child_weight': 10.0, 'xgb__max_depth': 10, 'xgb__learning_rate': 0.001, 'xgb__gamma': 0, 'xgb__colsample_bytree': 0.6, 'xgb__colsample_bylevel': 0.9}",0.8362050502815743,0.8464511269605551,0.8485123423737362,0.8389869493527797,0.8425647928583369,0.8425440523653964,0.004554603757625857,82
18.607466173171996,0.1784010155728451,0.027134275436401366,0.0009629412145603291,0.9,100.0,300,10.0,6,0.05,1.0,1.0,0.7,"{'xgb__subsample': 0.9, 'xgb__reg_lambda': 100.0, 'xgb__n_estimators': 300, 'xgb__min_child_weight': 10.0, 'xgb__max_depth': 6, 'xgb__learning_rate': 0.05, 'xgb__gamma': 1.0, 'xgb__colsample_bytree': 1.0, 'xgb__colsample_bylevel': 0.7}",0.887788517977942,0.9007298136673424,0.9001716854925758,0.8949921700366319,0.8995680594156461,0.8966500493180277,0.004875171439541999,27
22.769863033294676,0.189393636432137,0.030307435989379884,0.0035040521004968675,1.0,10.0,300,1.0,8,0.001,0,0.8,0.7,"{'xgb__subsample': 1.0, 'xgb__reg_lambda': 10.0, 'xgb__n_estimators': 300, 'xgb__min_child_weight': 1.0, 'xgb__max_depth': 8, 'xgb__learning_rate': 0.001, 'xgb__gamma': 0, 'xgb__colsample_bytree': 0.8, 'xgb__colsample_bylevel': 0.7}",0.8497732850386871,0.8640154129742255,0.8652132540633649,0.8545808295865667,0.8606773821362096,0.8588520327598108,0.005850202881751341,74
1.646024465560913,0.02002462177702847,0.017803192138671875,0.0015876343988113011,0.5,10.0,100,7.0,1,0.1,1.0,0.8,1.0,"{'xgb__subsample': 0.5, 'xgb__reg_lambda': 10.0, 'xgb__n_estimators': 100, 'xgb__min_child_weight': 7.0, 'xgb__max_depth': 1, 'xgb__learning_rate': 0.1, 'xgb__gamma': 1.0, 'xgb__colsample_bytree': 0.8, 'xgb__colsample_bylevel': 1.0}",0.8547761526880477,0.8651050843608856,0.8652575211561289,0.8639086143054245,0.8571265415572384,0.8612347828135449,0.004402330791869424,71
10.094513559341431,0.18653520509817287,0.03590250015258789,0.010630402564522258,0.5,1.0,300,5.0,6,0.1,0,0.4,0.7,"{'xgb__subsample': 0.5, 'xgb__reg_lambda': 1.0, 'xgb__n_estimators': 300, 'xgb__min_child_weight': 5.0, 'xgb__max_depth': 6, 'xgb__learning_rate': 0.1, 'xgb__gamma': 0, 'xgb__colsample_bytree': 0.4, 'xgb__colsample_bylevel': 0.7}",0.8908084366014279,0.8984682348809089,0.8959595830818962,0.8923599601666992,0.8992307441687845,0.8953653917799433,0.003308174946502417,30
34.67383179664612,0.16585826255017855,0.038096952438354495,0.0020347752047983137,0.5,1.0,400,1.0,8,0.01,1.0,1.0,0.7,"{'xgb__subsample': 0.5, 'xgb__reg_lambda': 1.0, 'xgb__n_estimators': 400, 'xgb__min_child_weight': 1.0, 'xgb__max_depth': 8, 'xgb__learning_rate': 0.01, 'xgb__gamma': 1.0, 'xgb__colsample_bytree': 1.0, 'xgb__colsample_bylevel': 0.7}",0.8889244360687508,0.8971151429748251,0.8978875035059537,0.893245124953608,0.8945366616520904,0.8943417738310455,0.0031891046953386104,34
16.844840145111085,0.1738673208278025,0.038922786712646484,0.008042197231660955,1.0,50.0,300,0.5,10,0.1,0.25,0.4,0.5,"{'xgb__subsample': 1.0, 'xgb__reg_lambda': 50.0, 'xgb__n_estimators': 300, 'xgb__min_child_weight': 0.5, 'xgb__max_depth': 10, 'xgb__learning_rate': 0.1, 'xgb__gamma': 0.25, 'xgb__colsample_bytree': 0.4, 'xgb__colsample_bylevel': 0.5}",0.8989248658182387,0.9054763348629231,0.9060055571137573,0.900348930932003,0.9031375807077635,0.9027786538869371,0.0027775691408979866,2
26.79350185394287,0.3185252019892409,0.030826282501220704,0.00240843011023389,1.0,50.0,300,1.0,8,0.1,1.0,1.0,0.7,"{'xgb__subsample': 1.0, 'xgb__reg_lambda': 50.0, 'xgb__n_estimators': 300, 'xgb__min_child_weight': 1.0, 'xgb__max_depth': 8, 'xgb__learning_rate': 0.1, 'xgb__gamma': 1.0, 'xgb__colsample_bytree': 1.0, 'xgb__colsample_bylevel': 0.7}",0.8958264250661027,0.9040034259699914,0.905783159239711,0.8992293276218158,0.9028981842700956,0.9015481044335433,0.0035749503300061586,6
19.13691077232361,0.16477678092561462,0.028928756713867188,0.00500321760102489,0.9,50.0,300,5.0,6,0.1,1.0,0.8,0.9,"{'xgb__subsample': 0.9, 'xgb__reg_lambda': 50.0, 'xgb__n_estimators': 300, 'xgb__min_child_weight': 5.0, 'xgb__max_depth': 6, 'xgb__learning_rate': 0.1, 'xgb__gamma': 1.0, 'xgb__colsample_bytree': 0.8, 'xgb__colsample_bylevel': 0.9}",0.8937309983964862,0.9047376255580332,0.9019806159712838,0.898293167144043,0.9021599862311636,0.9001804786602019,0.0038231995198195327,12
10.72332148551941,0.8169740254728319,0.029738187789916992,0.010125752573676964,1.0,100.0,200,1.0,8,0.05,0.25,0.4,0.7,"{'xgb__subsample': 1.0, 'xgb__reg_lambda': 100.0, 'xgb__n_estimators': 200, 'xgb__min_child_weight': 1.0, 'xgb__max_depth': 8, 'xgb__learning_rate': 0.05, 'xgb__gamma': 0.25, 'xgb__colsample_bytree': 0.4, 'xgb__colsample_bylevel': 0.7}",0.8882196822789526,0.8979627928906349,0.8987416813279276,0.8936630063093002,0.896360642942338,0.8949895611498306,0.003804980572051545,31
23.36979031562805,1.0515798117668256,0.03152852058410645,0.007772669208857888,1.0,50.0,200,0.5,10,0.01,1.0,0.8,0.7,"{'xgb__subsample': 1.0, 'xgb__reg_lambda': 50.0, 'xgb__n_estimators': 200, 'xgb__min_child_weight': 0.5, 'xgb__max_depth': 10, 'xgb__learning_rate': 0.01, 'xgb__gamma': 1.0, 'xgb__colsample_bytree': 0.8, 'xgb__colsample_bylevel': 0.7}",0.8633026124347571,0.8723323035262271,0.8760400996115829,0.8692337684965621,0.8730422435554196,0.8707902055249097,0.00432429591875321,61
1.6820220470428466,0.0696512874571413,0.022596263885498048,0.00638308595384044,0.5,1.0,100,5.0,1,0.1,0.25,0.8,0.9,"{'xgb__subsample': 0.5, 'xgb__reg_lambda': 1.0, 'xgb__n_estimators': 100, 'xgb__min_child_weight': 5.0, 'xgb__max_depth': 1, 'xgb__learning_rate': 0.1, 'xgb__gamma': 0.25, 'xgb__colsample_bytree': 0.8, 'xgb__colsample_bylevel': 0.9}",0.8545550881366681,0.8661992654643939,0.8659247147782679,0.8621659959316771,0.8565167180873215,0.8610723564796657,0.004780277227591181,72
27.500813484191895,0.7590972802278788,0.03278250694274902,0.004328238716898472,0.7,10.0,300,5.0,8,0.05,0.5,0.8,0.9,"{'xgb__subsample': 0.7, 'xgb__reg_lambda': 10.0, 'xgb__n_estimators': 300, 'xgb__min_child_weight': 5.0, 'xgb__max_depth': 8, 'xgb__learning_rate': 0.05, 'xgb__gamma': 0.5, 'xgb__colsample_bytree': 0.8, 'xgb__colsample_bylevel': 0.9}",0.8948019235091894,0.9044740281869684,0.9047706822940128,0.9032193862951915,0.9031671511257298,0.9020866342822182,0.00369922743839159,3
4.372995758056641,0.16859192258512826,0.02470059394836426,0.0017150742090772343,0.7,10.0,100,10.0,3,0.1,0,1.0,1.0,"{'xgb__subsample': 0.7, 'xgb__reg_lambda': 10.0, 'xgb__n_estimators': 100, 'xgb__min_child_weight': 10.0, 'xgb__max_depth': 3, 'xgb__learning_rate': 0.1, 'xgb__gamma': 0, 'xgb__colsample_bytree': 1.0, 'xgb__colsample_bylevel': 1.0}",0.8752843995453498,0.8891103071435505,0.889510841542223,0.8830350085417782,0.8890845494389057,0.8852050212423614,0.005513071293361263,49
15.890650129318237,0.523667437719775,0.0393376350402832,0.006812978903466926,1.0,10.0,400,3.0,8,0.1,1.0,0.4,0.5,"{'xgb__subsample': 1.0, 'xgb__reg_lambda': 10.0, 'xgb__n_estimators': 400, 'xgb__min_child_weight': 3.0, 'xgb__max_depth': 8, 'xgb__learning_rate': 0.1, 'xgb__gamma': 1.0, 'xgb__colsample_bytree': 0.4, 'xgb__colsample_bylevel': 0.5}",0.8992577006067957,0.9038639784509812,0.9045165891815474,0.900468009411538,0.9014554311827319,0.9019123417667189,0.001996645850767717,4
27.948220109939577,1.0472648782519172,0.0396726131439209,0.009190270591145706,1.0,0.1,400,3.0,6,0.01,0.5,0.8,0.9,"{'xgb__subsample': 1.0, 'xgb__reg_lambda': 0.1, 'xgb__n_estimators': 400, 'xgb__min_child_weight': 3.0, 'xgb__max_depth': 6, 'xgb__learning_rate': 0.01, 'xgb__gamma': 0.5, 'xgb__colsample_bytree': 0.8, 'xgb__colsample_bylevel': 0.9}",0.8805241599679686,0.8899484070707409,0.8910131781364474,0.8889887554501645,0.8888463924798354,0.8878641786210315,0.003751412990195241,44
12.732631587982178,0.996032597400315,0.026215553283691406,0.004743452292458812,0.7,5.0,200,1.0,6,0.1,0.25,0.6,1.0,"{'xgb__subsample': 0.7, 'xgb__reg_lambda': 5.0, 'xgb__n_estimators': 200, 'xgb__min_child_weight': 1.0, 'xgb__max_depth': 6, 'xgb__learning_rate': 0.1, 'xgb__gamma': 0.25, 'xgb__colsample_bytree': 0.6, 'xgb__colsample_bylevel': 1.0}",0.8912401314573618,0.9037477869227762,0.9032754284346306,0.8971907394658486,0.8984334052939194,0.8987774983149073,0.004569097219469286,19
4.680903577804566,0.15500067590211952,0.027390432357788087,0.006466087412420385,0.9,50.0,400,10.0,1,0.05,0.25,0.6,0.5,"{'xgb__subsample': 0.9, 'xgb__reg_lambda': 50.0, 'xgb__n_estimators': 400, 'xgb__min_child_weight': 10.0, 'xgb__max_depth': 1, 'xgb__learning_rate': 0.05, 'xgb__gamma': 0.25, 'xgb__colsample_bytree': 0.6, 'xgb__colsample_bylevel': 0.5}",0.8642269275369853,0.8760167421911599,0.8759274841275911,0.8722622573809181,0.869204729283709,0.8715276281040726,0.004444021741371041,59
11.201814365386962,0.29578674370053715,0.03540859222412109,0.010607093793271743,0.5,5.0,300,5.0,6,0.01,0.5,0.4,0.7,"{'xgb__subsample': 0.5, 'xgb__reg_lambda': 5.0, 'xgb__n_estimators': 300, 'xgb__min_child_weight': 5.0, 'xgb__max_depth': 6, 'xgb__learning_rate': 0.01, 'xgb__gamma': 0.5, 'xgb__colsample_bytree': 0.4, 'xgb__colsample_bylevel': 0.7}",0.8778653723956165,0.8857108648982565,0.8848290652773174,0.8792595567341227,0.8818487389898887,0.8819027196590404,0.0030448272833233513,51
3.834969186782837,0.14594546194262764,0.02620806694030762,0.005785753551371313,0.5,10.0,100,5.0,3,0.1,0.25,0.8,1.0,"{'xgb__subsample': 0.5, 'xgb__reg_lambda': 10.0, 'xgb__n_estimators': 100, 'xgb__min_child_weight': 5.0, 'xgb__max_depth': 3, 'xgb__learning_rate': 0.1, 'xgb__gamma': 0.25, 'xgb__colsample_bytree': 0.8, 'xgb__colsample_bylevel': 1.0}",0.8782328701058298,0.8890045498621707,0.8917990961013794,0.8832103062291238,0.8890850806440189,0.8862663805885045,0.0048975598635631066,47
8.836351871490479,0.16530945825938406,0.018851518630981445,0.001640490818259722,1.0,50.0,100,1.0,10,0.001,0,1.0,0.5,"{'xgb__subsample': 1.0, 'xgb__reg_lambda': 50.0, 'xgb__n_estimators': 100, 'xgb__min_child_weight': 1.0, 'xgb__max_depth': 10, 'xgb__learning_rate': 0.001, 'xgb__gamma': 0, 'xgb__colsample_bytree': 1.0, 'xgb__colsample_bylevel': 0.5}",0.8254041900044514,0.8381303456724493,0.8384299807916231,0.8227411033767646,0.8305782380138877,0.8310567715718353,0.006414525314131362,91
17.808939123153685,0.4639877549197733,0.03447437286376953,0.006855190174388333,1.0,100.0,400,5.0,6,0.1,0.5,0.4,1.0,"{'xgb__subsample': 1.0, 'xgb__reg_lambda': 100.0, 'xgb__n_estimators': 400, 'xgb__min_child_weight': 5.0, 'xgb__max_depth': 6, 'xgb__learning_rate': 0.1, 'xgb__gamma': 0.5, 'xgb__colsample_bytree': 0.4, 'xgb__colsample_bylevel': 1.0}",0.8941242280204801,0.9042355437489399,0.902980875199379,0.899577444039312,0.9023751243019964,0.9006586430620214,0.003605575120084719,9
3.5607980728149413,0.034720192629005255,0.027413654327392577,0.001956555211860131,0.9,0.1,200,1.0,3,0.001,1.0,0.4,0.5,"{'xgb__subsample': 0.9, 'xgb__reg_lambda': 0.1, 'xgb__n_estimators': 200, 'xgb__min_child_weight': 1.0, 'xgb__max_depth': 3, 'xgb__learning_rate': 0.001, 'xgb__gamma': 1.0, 'xgb__colsample_bytree': 0.4, 'xgb__colsample_bylevel': 0.5}",0.8362760562154775,0.8484270903466062,0.8472839305495352,0.8377526057381485,0.8402277559629545,0.8419934877625443,0.004963304135762655,83
10.731516647338868,0.361155427695901,0.02006697654724121,0.0007824831659524782,1.0,50.0,100,5.0,10,0.01,0,1.0,0.7,"{'xgb__subsample': 1.0, 'xgb__reg_lambda': 50.0, 'xgb__n_estimators': 100, 'xgb__min_child_weight': 5.0, 'xgb__max_depth': 10, 'xgb__learning_rate': 0.01, 'xgb__gamma': 0, 'xgb__colsample_bytree': 1.0, 'xgb__colsample_bylevel': 0.7}",0.844179202353117,0.8588172126872661,0.8624722356794184,0.8501958199115507,0.8583136964509832,0.854795633416467,0.006653525117598544,78
3.707433795928955,0.025622923057747264,0.025185394287109374,0.005276233098134311,1.0,5.0,100,0.5,6,0.01,0,0.4,0.7,"{'xgb__subsample': 1.0, 'xgb__reg_lambda': 5.0, 'xgb__n_estimators': 100, 'xgb__min_child_weight': 0.5, 'xgb__max_depth': 6, 'xgb__learning_rate': 0.01, 'xgb__gamma': 0, 'xgb__colsample_bytree': 0.4, 'xgb__colsample_bylevel': 0.7}",0.8614049943257152,0.8718600212186598,0.873702974182015,0.8647621723880998,0.8696806005309219,0.8682821525290823,0.00455692163008458,64
6.5119309425354,0.052563827508893365,0.02609143257141113,0.0042207511168240895,1.0,100.0,300,5.0,3,0.01,0,0.4,1.0,"{'xgb__subsample': 1.0, 'xgb__reg_lambda': 100.0, 'xgb__n_estimators': 300, 'xgb__min_child_weight': 5.0, 'xgb__max_depth': 3, 'xgb__learning_rate': 0.01, 'xgb__gamma': 0, 'xgb__colsample_bytree': 0.4, 'xgb__colsample_bylevel': 1.0}",0.850547099394336,0.859931378026219,0.8606221368044401,0.8551867575523202,0.8564787369217302,0.8565532217398092,0.003630820504822474,75
